Topic,Subtopic,lapse_score,knowledge_score
Analytic Geometry,Analytic Geometry,0.2014492753623188,4.7
Complex Numbers,Complex Numbers,0.1,0.2
Differential Equations,Differential Equations,0.1,1.2000000000000002
Differentiation,Derivatives,0.1625,2.1
Differentiation,Differentiation,0.1,0.5
Differentiation,Implicit Differentiation and Chain Rule,0.1,0.8
Differentiation,Partial Differentiation,0.1,0.7000000000000001
Discrete Mathematics,Recursivity,0.1,1.6
Discrete Mathematics,Set Theory,0.1,4.0
Fundamental Mathematics,"Algebraic expressions, Equations, and Inequalities",0.1,1.2000000000000002
Fundamental Mathematics,Elementary Geometry,0.35,0.1
Graph Theory,Graph Theory,0.1,0.1
Integration,Double Integration,0.1,0.4
Integration,Integration Techniques,0.1,0.1
Integration,Surface Integrals,0.1,0.7000000000000001
Integration,Triple Integration,0.1,0.0
Linear Algebra,Eigenvalues and Eigenvectors,0.1,1.3
Linear Algebra,Matrices and Determinants,0.1416666666666666,7.800000000000001
Optimization,Linear Optimization,0.1,0.4
Optimization,Nonlinear Optimization,0.3571428571428571,4.3
Real Functions of Several Variables,"Limits, Continuity, Domain and Image",0.1,0.2
Real Functions of a Single Variable,"Domain, Image and Graphics",0.1,0.1
Real Functions of a Single Variable,Limits and Continuity,0.1,0.2
Statistics,Statistics,0.1,0.3
Intelligenza Artificiale (AI),Machine Learning e Deep Learning,0.1,0.1
Intelligenza Artificiale (AI),Etica dell'AI e bias algoritmici,0.1,0.1
Intelligenza Artificiale (AI),"AI Generativa (testo, immagini, video)",0.1,0.1
Intelligenza Artificiale (AI),Automazione e futuro del lavoro,0.1,0.1
Intelligenza Artificiale (AI),NLP (Natural Language Processing),0.1,0.1
Intelligenza Artificiale (AI),Computer Vision,0.1,0.1
Intelligenza Artificiale (AI),AI nella medicina e diagnostica,0.1,0.1
Intelligenza Artificiale (AI),Robotica collaborativa (Cobots),0.1,0.1
Intelligenza Artificiale (AI),Regolamentazione e AI Act,0.1,0.1
Intelligenza Artificiale (AI),Singolarità tecnologica,0.1,0.1
Cambiamento Climatico e Sostenibilità,"Energie rinnovabili (solare, eolico, idrogeno)",0.1,0.1
Cambiamento Climatico e Sostenibilità,Economia circolare e riciclo,0.1,0.1
Cambiamento Climatico e Sostenibilità,Mobilità elettrica e micro-mobilità,0.1,0.1
Cambiamento Climatico e Sostenibilità,Agricoltura rigenerativa,0.1,0.1
Cambiamento Climatico e Sostenibilità,Decarbonizzazione industriale,0.1,0.1
Cambiamento Climatico e Sostenibilità,Conservazione della biodiversità,0.1,0.1
Cambiamento Climatico e Sostenibilità,Architettura sostenibile (Bioedilizia),0.1,0.1
Cambiamento Climatico e Sostenibilità,Fast Fashion vs. Slow Fashion,0.1,0.1
Cambiamento Climatico e Sostenibilità,Inquinamento da microplastiche,0.1,0.1
Cambiamento Climatico e Sostenibilità,Mercato dei crediti di carbonio,0.1,0.1
Esplorazione Spaziale,Colonizzazione di Marte,0.1,0.1
Esplorazione Spaziale,Turismo spaziale commerciale,0.1,0.1
Esplorazione Spaziale,Mining degli asteroidi,0.1,0.1
Esplorazione Spaziale,Telescopi spaziali (James Webb e successori),0.1,0.1
Esplorazione Spaziale,Propulsione a ioni e nucleare,0.1,0.1
Esplorazione Spaziale,Ricerca di vita extraterrestre (SETI),0.1,0.1
Esplorazione Spaziale,Stazioni spaziali private,0.1,0.1
Esplorazione Spaziale,Detriti spaziali (Kessler Syndrome),0.1,0.1
Esplorazione Spaziale,Artemis e il ritorno sulla Luna,0.1,0.1
Esplorazione Spaziale,Esofisica e pianeti abitabili,0.1,0.1
Salute Mentale e Benessere,Neuroplasticità e abitudini,0.1,0.1
Salute Mentale e Benessere,Impatto dei social media sulla psiche,0.1,0.1
Salute Mentale e Benessere,Meditazione e Mindfulness,0.1,0.1
Salute Mentale e Benessere,Disturbi dell'ansia nell'era digitale,0.1,0.1
Salute Mentale e Benessere,Biohacking e ottimizzazione del sonno,0.1,0.1
Salute Mentale e Benessere,Terapia assistita da psichedelici,0.1,0.1
Salute Mentale e Benessere,Burnout professionale,0.1,0.1
Salute Mentale e Benessere,Psicologia positiva,0.1,0.1
Salute Mentale e Benessere,Nutrizione e asse intestino-cervello,0.1,0.1
Salute Mentale e Benessere,Resilienza emotiva,0.1,0.1
Finanza e Nuove Economie,Criptovalute e Blockchain,0.1,0.1
Finanza e Nuove Economie,Finanza Decentralizzata (DeFi),0.1,0.1
Finanza e Nuove Economie,"Investimenti ESG (Environmental, Social, Governance)",0.1,0.1
Finanza e Nuove Economie,Inflazione e politiche monetarie,0.1,0.1
Finanza e Nuove Economie,Universal Basic Income (Reddito di base),0.1,0.1
Finanza e Nuove Economie,Gig Economy e diritti dei lavoratori,0.1,0.1
Finanza e Nuove Economie,Mercati emergenti (BRICS+),0.1,0.1
Finanza e Nuove Economie,Trading algoritmico,0.1,0.1
Finanza e Nuove Economie,E-commerce e nuovi modelli di retail,0.1,0.1
Finanza e Nuove Economie,Cybersecurity finanziaria,0.1,0.1
Storia delle Civiltà Antiche,L'Egitto dei Faraoni,0.1,0.1
Storia delle Civiltà Antiche,La filosofia e la democrazia greca,0.1,0.1
Storia delle Civiltà Antiche,L'Impero Romano: ascesa e caduta,0.1,0.1
Storia delle Civiltà Antiche,"Le civiltà precolombiane (Maya, Aztechi, Inca)",0.1,0.1
Storia delle Civiltà Antiche,La Via della Seta e gli scambi culturali,0.1,0.1
Storia delle Civiltà Antiche,Le dinastie imperiali cinesi,0.1,0.1
Storia delle Civiltà Antiche,Mesopotamia: la culla della scrittura,0.1,0.1
Storia delle Civiltà Antiche,I Vichinghi e l'espansione norrena,0.1,0.1
Storia delle Civiltà Antiche,L'Età dell'Oro islamica,0.1,0.1
Storia delle Civiltà Antiche,Archeologia subacquea,0.1,0.1
Biotecnologie e Genetica,Editing genomico (CRISPR),0.1,0.1
Biotecnologie e Genetica,Ingegneria dei tessuti e organi sintetici,0.1,0.1
Biotecnologie e Genetica,Longevità e medicina anti-aging,0.1,0.1
Biotecnologie e Genetica,Vaccini a mRNA e terapie geniche,0.1,0.1
Biotecnologie e Genetica,Bioetica e clonazione,0.1,0.1
Biotecnologie e Genetica,Microbioma umano,0.1,0.1
Biotecnologie e Genetica,OGM e sicurezza alimentare,0.1,0.1
Biotecnologie e Genetica,Diagnostica molecolare precoce,0.1,0.1
Biotecnologie e Genetica,Interfacce cervello-computer (Neuralink),0.1,0.1
Biotecnologie e Genetica,Sintesi del DNA,0.1,0.1
Filosofia e Pensiero Critico,Stoicismo e applicazione moderna,0.1,0.1
Filosofia e Pensiero Critico,Esistenzialismo e ricerca di senso,0.1,0.1
Filosofia e Pensiero Critico,Etica utilitaristica vs. deontologica,0.1,0.1
Filosofia e Pensiero Critico,Filosofia della mente,0.1,0.1
Filosofia e Pensiero Critico,Post-umanesimo e Transumanesimo,0.1,0.1
Filosofia e Pensiero Critico,Logica e fallacie argomentative,0.1,0.1
Filosofia e Pensiero Critico,Filosofia politica: dal contratto sociale a oggi,0.1,0.1
Filosofia e Pensiero Critico,Estetica e concetto di bellezza,0.1,0.1
Filosofia e Pensiero Critico,Nichilismo e società liquida,0.1,0.1
Filosofia e Pensiero Critico,Epistemologia: cosa possiamo sapere?,0.1,0.1
Cybersecurity e Privacy,Hacking etico e penetration testing,0.1,0.1
Cybersecurity e Privacy,Crittografia quantistica,0.1,0.1
Cybersecurity e Privacy,Guerra cibernetica (Cyber warfare),0.1,0.1
Cybersecurity e Privacy,Protezione dei dati personali (GDPR),0.1,0.1
Cybersecurity e Privacy,Deepfake e disinformazione,0.1,0.1
Cybersecurity e Privacy,Internet of Things (IoT) security,0.1,0.1
Cybersecurity e Privacy,Social Engineering e phishing,0.1,0.1
Cybersecurity e Privacy,Anonimato in rete e Dark Web,0.1,0.1
Cybersecurity e Privacy,Identità digitale e biometria,0.1,0.1
Cybersecurity e Privacy,Ransomware e minacce alle infrastrutture,0.1,0.1
Futuro delle Città (Urbanistica),Smart Cities e sensori urbani,0.1,0.1
Futuro delle Città (Urbanistica),Città dei 15 minuti,0.1,0.1
Futuro delle Città (Urbanistica),Vertical Farming urbano,0.1,0.1
Futuro delle Città (Urbanistica),Gestione intelligente dei rifiuti,0.1,0.1
Futuro delle Città (Urbanistica),Trasporto pubblico autonomo,0.1,0.1
Futuro delle Città (Urbanistica),Rigenerazione delle periferie,0.1,0.1
Futuro delle Città (Urbanistica),Urbanistica tattica,0.1,0.1
Futuro delle Città (Urbanistica),Resilienza alle inondazioni (Città spugna),0.1,0.1
Futuro delle Città (Urbanistica),Co-housing e nuove forme di abitare,0.1,0.1
Futuro delle Città (Urbanistica),Inquinamento luminoso e acustico,0.1,0.1
Psicologia Sociale e Comportamentale,Dinamiche di gruppo e conformismo,0.1,0.1
Psicologia Sociale e Comportamentale,Psicologia delle folle,0.1,0.1
Psicologia Sociale e Comportamentale,Pregiudizi cognitivi (Cognitive biases),0.1,0.1
Psicologia Sociale e Comportamentale,Comunicazione non verbale,0.1,0.1
Psicologia Sociale e Comportamentale,Persuasione e marketing sensoriale,0.1,0.1
Psicologia Sociale e Comportamentale,Teoria dei giochi applicata al sociale,0.1,0.1
Psicologia Sociale e Comportamentale,Empatia e neuroni specchio,0.1,0.1
Psicologia Sociale e Comportamentale,Leadership e carisma,0.1,0.1
Psicologia Sociale e Comportamentale,Risoluzione dei conflitti,0.1,0.1
Psicologia Sociale e Comportamentale,Psicologia del consumatore,0.1,0.1
Scienza dei Materiali,Grafene e nanomateriali,0.1,0.1
Scienza dei Materiali,Plastiche biodegradabili,0.1,0.1
Scienza dei Materiali,Materiali autoriparanti,0.1,0.1
Scienza dei Materiali,Superconduttori a temperatura ambiente,0.1,0.1
Scienza dei Materiali,Aerogel e isolamento estremo,0.1,0.1
Scienza dei Materiali,Metamateriali e invisibilità,0.1,0.1
Scienza dei Materiali,Stampa 3D di metalli e ceramiche,0.1,0.1
Scienza dei Materiali,Leghe leggere per l'aerospazio,0.1,0.1
Scienza dei Materiali,Materiali per lo stoccaggio dell'energia,0.1,0.1
Scienza dei Materiali,Biomimetica: materiali ispirati alla natura,0.1,0.1
Cinema e Storytelling,Evoluzione della narrazione (dai miti alle serie TV),0.1,0.1
Cinema e Storytelling,"Teoria del ""Viaggio dell'Eroe""",0.1,0.1
Cinema e Storytelling,Regia e linguaggio dell'inquadratura,0.1,0.1
Cinema e Storytelling,Effetti visivi (VFX) e CGI,0.1,0.1
Cinema e Storytelling,Il montaggio come ritmo emotivo,0.1,0.1
Cinema e Storytelling,Cinema d'autore vs. Blockbuster,0.1,0.1
Cinema e Storytelling,Sceneggiatura e dialoghi,0.1,0.1
Cinema e Storytelling,Il design del suono nel cinema,0.1,0.1
Cinema e Storytelling,Nuove piattaforme di streaming e distribuzione,0.1,0.1
Cinema e Storytelling,Realtà Virtuale (VR) narrativa,0.1,0.1
Geopolitica Contemporanea,Nuova Guerra Fredda tecnologica (USA-Cina),0.1,0.1
Geopolitica Contemporanea,Conflitti per le risorse idriche,0.1,0.1
Geopolitica Contemporanea,Sovranità energetica in Europa,0.1,0.1
Geopolitica Contemporanea,L'ascesa dell'India come potenza globale,0.1,0.1
Geopolitica Contemporanea,Il ruolo delle Nazioni Unite nel XXI secolo,0.1,0.1
Geopolitica Contemporanea,Cyber-spionaggio tra stati,0.1,0.1
Geopolitica Contemporanea,Migrazioni e mutamenti demografici,0.1,0.1
Geopolitica Contemporanea,Geopolitica dell'Artico,0.1,0.1
Geopolitica Contemporanea,"Alleanze militari (NATO, AUKUS)",0.1,0.1
Geopolitica Contemporanea,Soft Power e diplomazia culturale,0.1,0.1
Musica e Sound Design,Storia del Jazz e della Blues,0.1,0.1
Musica e Sound Design,Produzione di musica elettronica,0.1,0.1
Musica e Sound Design,Psicoacustica: come percepiamo il suono,0.1,0.1
Musica e Sound Design,Algoritmi di raccomandazione musicale,0.1,0.1
Musica e Sound Design,Sintesi sonora e campionamento,0.1,0.1
Musica e Sound Design,La musica come terapia,0.1,0.1
Musica e Sound Design,Evoluzione degli strumenti musicali,0.1,0.1
Musica e Sound Design,Copyright e streaming nell'industria musicale,0.1,0.1
Musica e Sound Design,Sound design per videogiochi,0.1,0.1
Musica e Sound Design,Etnomusicologia,0.1,0.1
Nutrizione e Scienza dell'Alimentazione,Dieta chetogenica e digiuno intermittente,0.1,0.1
Nutrizione e Scienza dell'Alimentazione,Alimenti funzionali e nutraceutica,0.1,0.1
Nutrizione e Scienza dell'Alimentazione,Impatto della carne coltivata (Lab-grown meat),0.1,0.1
Nutrizione e Scienza dell'Alimentazione,Microbiota e salute immunitaria,0.1,0.1
Nutrizione e Scienza dell'Alimentazione,Intolleranze e allergie alimentari moderne,0.1,0.1
Nutrizione e Scienza dell'Alimentazione,Zuccheri raffinati e sindrome metabolica,0.1,0.1
Nutrizione e Scienza dell'Alimentazione,Proteine vegetali e futuro del cibo,0.1,0.1
Nutrizione e Scienza dell'Alimentazione,Gastronomia molecolare,0.1,0.1
Nutrizione e Scienza dell'Alimentazione,Sicurezza alimentare globale,0.1,0.1
Nutrizione e Scienza dell'Alimentazione,Idratazione e performance cognitiva,0.1,0.1
Letteratura e Scrittura,Il genere Distopico nel Novecento,0.1,0.1
Letteratura e Scrittura,Poesia contemporanea e Slam Poetry,0.1,0.1
Letteratura e Scrittura,Scrittura creativa e world-building,0.1,0.1
Letteratura e Scrittura,Letteratura post-coloniale,0.1,0.1
Letteratura e Scrittura,Il ruolo dei premi letterari,0.1,0.1
Letteratura e Scrittura,Self-publishing e rivoluzione digitale,0.1,0.1
Letteratura e Scrittura,Analisi del testo e critica letteraria,0.1,0.1
Letteratura e Scrittura,Letteratura per l'infanzia e formazione,0.1,0.1
Letteratura e Scrittura,Romanzo storico vs. Realismo magico,0.1,0.1
Letteratura e Scrittura,Traduzione editoriale e sfide linguistiche,0.1,0.1
Fisica Moderna,Meccanica Quantistica e entanglement,0.1,0.1
Fisica Moderna,Relatività Generale di Einstein,0.1,0.1
Fisica Moderna,Materia Oscura ed Energia Oscura,0.1,0.1
Fisica Moderna,Fisica delle particelle (CERN),0.1,0.1
Fisica Moderna,Teoria delle Stringhe,0.1,0.1
Fisica Moderna,Termodinamica e freccia del tempo,0.1,0.1
Fisica Moderna,Fusione nucleare controllata,0.1,0.1
Fisica Moderna,Onde gravizionali,0.1,0.1
Fisica Moderna,Multiverso e cosmologia inflazionaria,0.1,0.1
Fisica Moderna,Fisica del caos e sistemi complessi,0.1,0.1
Sport e Performance Umana,Scienza dell'allenamento e biomeccanica,0.1,0.1
Sport e Performance Umana,Psicologia dello sport e peak performance,0.1,0.1
Sport e Performance Umana,Doping tecnologico e bioetica,0.1,0.1
Sport e Performance Umana,Evoluzione degli eSports,0.1,0.1
Sport e Performance Umana,"Metodi di recupero (crioterapia, ossigeno)",0.1,0.1
Sport e Performance Umana,Analisi dei dati (Big Data) nelle squadre,0.1,0.1
Sport e Performance Umana,Nutrizione sportiva d'élite,0.1,0.1
Sport e Performance Umana,Sport estremi e gestione del rischio,0.1,0.1
Sport e Performance Umana,Il ruolo sociale delle Olimpiadi,0.1,0.1
Sport e Performance Umana,Allenamento mentale e visualizzazione,0.1,0.1
Istruzione e Apprendimento,EdTech: tecnologia in aula,0.1,0.1
Istruzione e Apprendimento,Apprendimento permanente (Lifelong learning),0.1,0.1
Istruzione e Apprendimento,Metodo Montessori e approcci alternativi,0.1,0.1
Istruzione e Apprendimento,Gamification dei processi educativi,0.1,0.1
Istruzione e Apprendimento,Neuroscienze dell'apprendimento,0.1,0.1
Istruzione e Apprendimento,Soft Skills vs. Hard Skills,0.1,0.1
Istruzione e Apprendimento,Il futuro delle università,0.1,0.1
Istruzione e Apprendimento,Homeschooling e apprendimento autodiretto,0.1,0.1
Istruzione e Apprendimento,Alfabetizzazione digitale e media education,0.1,0.1
Istruzione e Apprendimento,Insegnamento inclusivo e BES,0.1,0.1
Robotica e Automazione,Robot umanoidi e mimica facciale,0.1,0.1
Robotica e Automazione,Droni per logistica e sorveglianza,0.1,0.1
Robotica e Automazione,Esoscheletri per riabilitazione e lavoro,0.1,0.1
Robotica e Automazione,Robotica sottomarina (esplorazione abissale),0.1,0.1
Robotica e Automazione,Sciami di robot (Swarm Intelligence),0.1,0.1
Robotica e Automazione,Automazione nei processi industriali (Industria 5.0),0.1,0.1
Robotica e Automazione,Robotica educativa per bambini,0.1,0.1
Robotica e Automazione,Chirurgia robotica mininvasiva,0.1,0.1
Robotica e Automazione,Manutenzione predittiva tramite sensori,0.1,0.1
Robotica e Automazione,Robot per l'assistenza agli anziani,0.1,0.1
Design e Architettura d'Interni,Minimalismo e stile Scandinavo/Japandi,0.1,0.1
Design e Architettura d'Interni,Design biofilico (integrare la natura),0.1,0.1
Design e Architettura d'Interni,Psicologia del colore negli ambienti,0.1,0.1
Design e Architettura d'Interni,Illuminotecnica e benessere circadiano,0.1,0.1
Design e Architettura d'Interni,Ergonomia nel lavoro da casa (Home Office),0.1,0.1
Design e Architettura d'Interni,Materiali di recupero nel design d'arredo,0.1,0.1
Design e Architettura d'Interni,Domotica e Smart Home integrate,0.1,0.1
Design e Architettura d'Interni,Tiny Houses e ottimizzazione degli spazi,0.1,0.1
Design e Architettura d'Interni,Design inclusivo e universale,0.1,0.1
Design e Architettura d'Interni,Storia del design: dal Bauhaus al Postmoderno,0.1,0.1
Sociologia Contemporanea,Tribalismo digitale e camere dell'eco,0.1,0.1
Sociologia Contemporanea,Solitudine e isolamento nelle grandi città,0.1,0.1
Sociologia Contemporanea,Nuove strutture familiari e relazionali,0.1,0.1
Sociologia Contemporanea,"L'impatto dei ""Nomadi Digitali"" sulle comunità locali",0.1,0.1
Sociologia Contemporanea,Cultura della cancellazione (Cancel Culture),0.1,0.1
Sociologia Contemporanea,Divario generazionale (Boomer vs Gen Z),0.1,0.1
Sociologia Contemporanea,"Il concetto di ""Terzi Luoghi"" (piazze, caffè, parchi)",0.1,0.1
Sociologia Contemporanea,Sociologia del tempo e della velocità,0.1,0.1
Sociologia Contemporanea,Mobilità sociale e meritocrazia,0.1,0.1
Sociologia Contemporanea,Culture giovanili e sottoculture urbane,0.1,0.1
Astronomia e Astrofisica,Ciclo di vita delle stelle: dalle nebulose alle nane bianche,0.1,0.1
Astronomia e Astrofisica,Buchi neri e orizzonte degli eventi,0.1,0.1
Astronomia e Astrofisica,Pulsar e Magnetar,0.1,0.1
Astronomia e Astrofisica,L'espansione dell'universo e la costante di Hubble,0.1,0.1
Astronomia e Astrofisica,Radiazione cosmica di fondo,0.1,0.1
Astronomia e Astrofisica,Formazione dei sistemi planetari,0.1,0.1
Astronomia e Astrofisica,Galassie attive e Quasar,0.1,0.1
Astronomia e Astrofisica,Astrochimica: molecole organiche nello spazio,0.1,0.1
Astronomia e Astrofisica,Eventi cataclismatici (Supernovae e Gamma-ray bursts),0.1,0.1
Astronomia e Astrofisica,La freccia del tempo in cosmologia,0.1,0.1
Gastronomia e Culture Culinarie,"Fermentazione (Koji, Kombucha, Kimchi)",0.1,0.1
Gastronomia e Culture Culinarie,Storia delle spezie e rotte commerciali,0.1,0.1
Gastronomia e Culture Culinarie,Cucina Fusion e identità culturale,0.1,0.1
Gastronomia e Culture Culinarie,Street Food come patrimonio dell'umanità,0.1,0.1
Gastronomia e Culture Culinarie,Enologia: terroir e vitigni autoctoni,0.1,0.1
Gastronomia e Culture Culinarie,Caffè specialty e tecniche di estrazione,0.1,0.1
Gastronomia e Culture Culinarie,Panificazione con lievito madre,0.1,0.1
Gastronomia e Culture Culinarie,Pasticceria tecnica e bilanciamento chimico,0.1,0.1
Gastronomia e Culture Culinarie,Umami: il quinto gusto,0.1,0.1
Gastronomia e Culture Culinarie,Spreco alimentare e cucina degli scarti,0.1,0.1
Ingegneria e Grandi Opere,Ponti sospesi e strallati di nuova generazione,0.1,0.1
Ingegneria e Grandi Opere,Tunnel sottomarini e transcontinentali,0.1,0.1
Ingegneria e Grandi Opere,Grattacieli antisismici e smorzatori di massa,0.1,0.1
Ingegneria e Grandi Opere,Dighe e gestione delle risorse idriche,0.1,0.1
Ingegneria e Grandi Opere,Infrastrutture per l'Hyperloop,0.1,0.1
Ingegneria e Grandi Opere,Aeroporti del futuro e gestione dei flussi,0.1,0.1
Ingegneria e Grandi Opere,Ingegneria geotecnica e stabilità dei suoli,0.1,0.1
Ingegneria e Grandi Opere,Grandi telescopi terrestri (ELT),0.1,0.1
Ingegneria e Grandi Opere,Centrali a fissione nucleare di IV generazione,0.1,0.1
Ingegneria e Grandi Opere,Decommissioning di vecchie strutture industriali,0.1,0.1
Lingue e Linguistica,Origine del linguaggio e protolingue,0.1,0.1
Lingue e Linguistica,Dialetti e preservazione delle lingue in estinzione,0.1,0.1
Lingue e Linguistica,Semantica e pragmatica della comunicazione,0.1,0.1
Lingue e Linguistica,Evoluzione dello slang su internet,0.1,0.1
Lingue e Linguistica,Apprendimento delle lingue in età adulta,0.1,0.1
Lingue e Linguistica,Linguaggio dei segni e comunicazione visiva,0.1,0.1
Lingue e Linguistica,Traduzione automatica e limiti neurale,0.1,0.1
Lingue e Linguistica,Etimologia delle parole comuni,0.1,0.1
Lingue e Linguistica,Bilinguismo e sviluppo cognitivo,0.1,0.1
Lingue e Linguistica,Costruzione di lingue artificiali (Conlangs come l'Esperanto),0.1,0.1
Fotografia e Arti Visive,Fotografia analogica vs Digitale,0.1,0.1
Fotografia e Arti Visive,Composizione e regola dei terzi,0.1,0.1
Fotografia e Arti Visive,Fotogiornalismo ed etica dell'immagine,0.1,0.1
Fotografia e Arti Visive,Astrofotografia: catturare il cielo profondo,0.1,0.1
Fotografia e Arti Visive,Post-produzione cinematografica (Color Grading),0.1,0.1
Fotografia e Arti Visive,Street Photography e diritto alla privacy,0.1,0.1
Fotografia e Arti Visive,Fotografia macro e naturalistica,0.1,0.1
Fotografia e Arti Visive,Uso della luce naturale vs Luce flash,0.1,0.1
Fotografia e Arti Visive,Storia della fotografia: dai dagherrotipi a Instagram,0.1,0.1
Fotografia e Arti Visive,Esposizione lunga e tecniche creative,0.1,0.1
Scienze del Mare (Oceanografia),Correnti oceaniche e regolazione climatica,0.1,0.1
Scienze del Mare (Oceanografia),Barriere coralline e sbiancamento,0.1,0.1
Scienze del Mare (Oceanografia),Fauna abissale e adattamenti estremi,0.1,0.1
Scienze del Mare (Oceanografia),Acidificazione degli oceani,0.1,0.1
Scienze del Mare (Oceanografia),Energie dal mare (moto ondoso e maree),0.1,0.1
Scienze del Mare (Oceanografia),Archeologia marina e relitti,0.1,0.1
Scienze del Mare (Oceanografia),Zone morte (ipossia) negli oceani,0.1,0.1
Scienze del Mare (Oceanografia),Migrazioni dei grandi cetacei,0.1,0.1
Scienze del Mare (Oceanografia),Geologia dei fondali e tettonica delle placche,0.1,0.1
Scienze del Mare (Oceanografia),Risorse minerarie sottomarine,0.1,0.1
Gestione del Tempo e Produttività,Tecnica del Pomodoro e blocchi di tempo,0.1,0.1
Gestione del Tempo e Produttività,"Metodo ""Getting Things Done"" (GTD)",0.1,0.1
Gestione del Tempo e Produttività,Deep Work e concentrazione intensa,0.1,0.1
Gestione del Tempo e Produttività,Eliminazione delle distrazioni digitali,0.1,0.1
Gestione del Tempo e Produttività,Matrice di Eisenhower (Urgente vs Importante),0.1,0.1
Gestione del Tempo e Produttività,Gestione dell'energia vs Gestione del tempo,0.1,0.1
Gestione del Tempo e Produttività,Routine mattutine e serali dei top performer,0.1,0.1
Gestione del Tempo e Produttività,Delega ed esternalizzazione efficace,0.1,0.1
Gestione del Tempo e Produttività,"Strumenti di Project Management (Notion, Trello, Asana)",0.1,0.1
Gestione del Tempo e Produttività,Psicologia della procrastinazione,0.1,0.1
Archeologia e Misteri del Passato,"Metodi di datazione (Carbonio-14, Dendrocronologia)",0.1,0.1
Archeologia e Misteri del Passato,"Civiltà perdute (Doggerland, Atlantide tra mito e realtà)",0.1,0.1
Archeologia e Misteri del Passato,Geroglifici e decifrazione di lingue morte,0.1,0.1
Archeologia e Misteri del Passato,Grandi migrazioni umane nella preistoria,0.1,0.1
Archeologia e Misteri del Passato,Megalitismo: Stonehenge e Gobekli Tepe,0.1,0.1
Archeologia e Misteri del Passato,Tecniche costruttive degli antichi,0.1,0.1
Archeologia e Misteri del Passato,Scoperte archeologiche recenti tramite satelliti (Lidar),0.1,0.1
Archeologia e Misteri del Passato,Evoluzione umana: Neanderthal e Denisova,0.1,0.1
Archeologia e Misteri del Passato,Tesori sommersi e rotte commerciali antiche,0.1,0.1
Archeologia e Misteri del Passato,Museologia e rimpatrio dei reperti,0.1,0.1
Matematica Applicata e Teoria,Teoria del Caos e l'effetto farfalla,0.1,0.1
Matematica Applicata e Teoria,Numeri primi e crittografia RSA,0.1,0.1
Matematica Applicata e Teoria,La sezione aurea in natura e nell'arte,0.1,0.1
Matematica Applicata e Teoria,Geometria frattale,0.1,0.1
Matematica Applicata e Teoria,Probabilità e statistica nel gioco d'azzardo,0.1,0.1
Matematica Applicata e Teoria,Topologia: la scienza delle forme deformabili,0.1,0.1
Matematica Applicata e Teoria,Teoria dei grafi e reti sociali,0.1,0.1
Matematica Applicata e Teoria,Grandi problemi irrisolti (Ipotesi di Riemann),0.1,0.1
Matematica Applicata e Teoria,Algoritmi di ordinamento e ricerca,0.1,0.1
Matematica Applicata e Teoria,Matematica finanziaria e derivati,0.1,0.1
Moda e Costume,Storia del costume dal Rinascimento al '900,0.1,0.1
Moda e Costume,Alta moda vs Prêt-à-porter,0.1,0.1
Moda e Costume,Tessuti tecnologici e wearable tech,0.1,0.1
Moda e Costume,Psicologia dell'abbigliamento,0.1,0.1
Moda e Costume,Il mercato del vintage e del second-hand,0.1,0.1
Moda e Costume,Produzione tessile e impatto ambientale,0.1,0.1
Moda e Costume,L'influenza delle icone pop sulla moda,0.1,0.1
Moda e Costume,Trend forecasting: come nascono le tendenze,0.1,0.1
Moda e Costume,Accessori e il loro valore simbolico,0.1,0.1
Moda e Costume,Fashion branding e comunicazione visiva,0.1,0.1
Botanica e Giardinaggio,Fisiologia vegetale: come respirano le piante,0.1,0.1
Botanica e Giardinaggio,Piante grasse e adattamenti ai climi aridi,0.1,0.1
Botanica e Giardinaggio,Orticoltura urbana e idroponica domestica,0.1,0.1
Botanica e Giardinaggio,Funghi e reti miceliali (Wood Wide Web),0.1,0.1
Botanica e Giardinaggio,Tecniche di potatura e innesto,0.1,0.1
Botanica e Giardinaggio,Giardini zen e paesaggismo giapponese,0.1,0.1
Botanica e Giardinaggio,Piante officinali e fitoterapia,0.1,0.1
Botanica e Giardinaggio,Impollinatori e declino delle api,0.1,0.1
Botanica e Giardinaggio,Bonsai: l'arte degli alberi in miniatura,0.1,0.1
Botanica e Giardinaggio,Specie aliene invasive e biodiversità locale,0.1,0.1
Religioni e Spiritualità,Storia delle grandi religioni monoteiste,0.1,0.1
Religioni e Spiritualità,"Filosofie orientali (Buddhismo, Taoismo, Induismo)",0.1,0.1
Religioni e Spiritualità,Mitologia norrena e celtica,0.1,0.1
Religioni e Spiritualità,Nuovi movimenti religiosi contemporanei,0.1,0.1
Religioni e Spiritualità,Sciamanesimo e riti di passaggio,0.1,0.1
Religioni e Spiritualità,Sociologia della secolarizzazione,0.1,0.1
Religioni e Spiritualità,Il concetto di anima nelle diverse culture,0.1,0.1
Religioni e Spiritualità,"Architettura sacra: cattedrali, moschee e templi",0.1,0.1
Religioni e Spiritualità,Meditazione trascendentale e preghiera,0.1,0.1
Religioni e Spiritualità,Rapporto tra scienza e fede,0.1,0.1
Criminologia e Diritto,Psicologia criminale e profiling,0.1,0.1
Criminologia e Diritto,Tecniche di investigazione scientifica (Forensics),0.1,0.1
Criminologia e Diritto,Storia della pena e dei sistemi carcerari,0.1,0.1
Criminologia e Diritto,Cybercrime e crimini transnazionali,0.1,0.1
Criminologia e Diritto,Diritto internazionale e diritti umani,0.1,0.1
Criminologia e Diritto,Serial killer: analisi dei casi storici,0.1,0.1
Criminologia e Diritto,Mediazione penale e giustizia riparativa,0.1,0.1
Criminologia e Diritto,Corruzione e colletti bianchi,0.1,0.1
Criminologia e Diritto,Evoluzione delle leggi sul copyright digitale,0.1,0.1
Criminologia e Diritto,"Bioetica legale (fine vita, aborto, eutanasia)",0.1,0.1
Zoologia e Comportamento Animale,Intelligenza dei primati e dei cetacei,0.1,0.1
Zoologia e Comportamento Animale,Comunicazione animale (segnali chimici e sonori),0.1,0.1
Zoologia e Comportamento Animale,Strategie di caccia e mimetismo,0.1,0.1
Zoologia e Comportamento Animale,Etologia sociale: la gerarchia nei branchi,0.1,0.1
Zoologia e Comportamento Animale,Evoluzione delle specie e selezione naturale,0.1,0.1
Zoologia e Comportamento Animale,Animali domestici e co-evoluzione con l'uomo,0.1,0.1
Zoologia e Comportamento Animale,Specie a rischio estinzione e programmi di recupero,0.1,0.1
Zoologia e Comportamento Animale,Migrazioni stagionali degli uccelli,0.1,0.1
Zoologia e Comportamento Animale,Parassitismo e simbiosi in natura,0.1,0.1
Zoologia e Comportamento Animale,Neurobiologia degli insetti sociali,0.1,0.1
Geologia e Fenomeni Naturali,Tettonica delle placche e deriva dei continenti,0.1,0.1
Geologia e Fenomeni Naturali,Vulcanologia: tipi di eruzioni e monitoraggio,0.1,0.1
Geologia e Fenomeni Naturali,Terremoti: scale di misura e prevenzione,0.1,0.1
Geologia e Fenomeni Naturali,"Ciclo delle rocce: sedimentarie, magmatiche, metamorfiche",0.1,0.1
Geologia e Fenomeni Naturali,Formazione dei diamanti e delle pietre preziose,0.1,0.1
Geologia e Fenomeni Naturali,Erosione costiera e glaciale,0.1,0.1
Geologia e Fenomeni Naturali,Paleontologia: lo studio dei fossili,0.1,0.1
Geologia e Fenomeni Naturali,Geomorfologia dei canyon e delle montagne,0.1,0.1
Geologia e Fenomeni Naturali,Magnetismo terrestre e inversione dei poli,0.1,0.1
Geologia e Fenomeni Naturali,Risorse geotermiche,0.1,0.1
Marketing e Comunicazione,Branding emotivo e storytelling aziendale,0.1,0.1
Marketing e Comunicazione,Marketing d'influenza (Influencer Marketing),0.1,0.1
Marketing e Comunicazione,Neuromarketing: cosa spinge all'acquisto,0.1,0.1
Marketing e Comunicazione,SEO e posizionamento sui motori di ricerca,0.1,0.1
Marketing e Comunicazione,Social Media Management e gestione delle crisi,0.1,0.1
Marketing e Comunicazione,Pubblicità subliminale e persuasione visiva,0.1,0.1
Marketing e Comunicazione,Marketing esperienziale,0.1,0.1
Marketing e Comunicazione,Analisi dei dati e funnel di vendita,0.1,0.1
Marketing e Comunicazione,Greenwashing e marketing etico,0.1,0.1
Marketing e Comunicazione,Growth Hacking per startup,0.1,0.1
Benessere Fisico e Biohacking,Esposizione al freddo (Metodo Wim Hof),0.1,0.1
Benessere Fisico e Biohacking,Integrazione alimentare mirata (Nootropi),0.1,0.1
Benessere Fisico e Biohacking,Monitoraggio dei dati biometrici (Wearables),0.1,0.1
Benessere Fisico e Biohacking,Terapia della luce rossa e infrarossa,0.1,0.1
Benessere Fisico e Biohacking,Allenamento della forza e densità ossea,0.1,0.1
Benessere Fisico e Biohacking,Flessibilità e mobilità articolare,0.1,0.1
Benessere Fisico e Biohacking,Igiene del sonno e ritmi circadiani,0.1,0.1
Benessere Fisico e Biohacking,Tecniche di respirazione (Pranayama),0.1,0.1
Benessere Fisico e Biohacking,Disintossicazione digitale (Digital Detox),0.1,0.1
Benessere Fisico e Biohacking,Longevità attiva e prevenzione primaria,0.1,0.1
Logistica e Supply Chain,Gestione dei magazzini automatizzati,0.1,0.1
Logistica e Supply Chain,Logistica dell'ultimo miglio (Last-mile delivery),0.1,0.1
Logistica e Supply Chain,"Trasporto intermodale (rotaia, gomma, mare)",0.1,0.1
Logistica e Supply Chain,Gestione dei rischi nella catena di approvvigionamento,0.1,0.1
Logistica e Supply Chain,Cold Chain (Logistica del freddo per farmaci e cibo),0.1,0.1
Logistica e Supply Chain,Blockchain per la tracciabilità delle merci,0.1,0.1
Logistica e Supply Chain,Ottimizzazione dei percorsi tramite algoritmi,0.1,0.1
Logistica e Supply Chain,Logistica inversa e gestione dei resi,0.1,0.1
Logistica e Supply Chain,Porti intelligenti e digitalizzazione doganale,0.1,0.1
Logistica e Supply Chain,Sostenibilità nei trasporti pesanti,0.1,0.1
Meteorologia e Climatologia,Modelli di previsione numerica del tempo,0.1,0.1
Meteorologia e Climatologia,"Fenomeni estremi: uragani, tornado e cicloni",0.1,0.1
Meteorologia e Climatologia,Corrente del Golfo e circolazione termoalina,0.1,0.1
Meteorologia e Climatologia,Dinamiche delle correnti a getto (Jet Stream),0.1,0.1
Meteorologia e Climatologia,Microclimi urbani e isole di calore,0.1,0.1
Meteorologia e Climatologia,"Strumentazione meteorologica (Radar, Satelliti, Boe)",0.1,0.1
Meteorologia e Climatologia,Fisica delle nubi e precipitazioni,0.1,0.1
Meteorologia e Climatologia,Paleoclimatologia: studiare il clima del passato,0.1,0.1
Meteorologia e Climatologia,El Niño e La Niña (Oscillazione del Sud),0.1,0.1
Meteorologia e Climatologia,Meteorologia aeronautica e nautica,0.1,0.1
Antropologia Culturale,Riti di iniziazione nelle diverse culture,0.1,0.1
Antropologia Culturale,Evoluzione delle strutture di parentela,0.1,0.1
Antropologia Culturale,Antropologia del cibo: tabù e tradizioni,0.1,0.1
Antropologia Culturale,Culture nomadi e sedentarietà,0.1,0.1
Antropologia Culturale,Mitologie comparate,0.1,0.1
Antropologia Culturale,Simbolismo e arte rupestre,0.1,0.1
Antropologia Culturale,Impatto della globalizzazione sulle lingue indigene,0.1,0.1
Antropologia Culturale,Antropologia urbana: la vita nelle megalopoli,0.1,0.1
Antropologia Culturale,Sistemi di dono e reciprocità (il Potlatch),0.1,0.1
Antropologia Culturale,Etnobotanica: il rapporto uomo-piante,0.1,0.1
Videogiochi e Realtà Virtuale (Gaming),Game Design: meccaniche e gameplay loop,0.1,0.1
Videogiochi e Realtà Virtuale (Gaming),Storia delle console e del computing domestico,0.1,0.1
Videogiochi e Realtà Virtuale (Gaming),Architettura dei mondi aperti (Open World),0.1,0.1
Videogiochi e Realtà Virtuale (Gaming),"Motori grafici (Unreal Engine, Unity)",0.1,0.1
Videogiochi e Realtà Virtuale (Gaming),Realtà Aumentata (AR) applicata al gaming,0.1,0.1
Videogiochi e Realtà Virtuale (Gaming),Narrazione interattiva e bivi narrativi,0.1,0.1
Videogiochi e Realtà Virtuale (Gaming),Economia nei giochi MMO e microtransazioni,0.1,0.1
Videogiochi e Realtà Virtuale (Gaming),Evoluzione dell'Intelligenza Artificiale nei nemici,0.1,0.1
Videogiochi e Realtà Virtuale (Gaming),Cloud Gaming e futuro dello streaming,0.1,0.1
Videogiochi e Realtà Virtuale (Gaming),Sound design e musica adattiva nei giochi,0.1,0.1
Ingegneria Aerospaziale e Aeronautica,Aerodinamica e dinamica del volo,0.1,0.1
Ingegneria Aerospaziale e Aeronautica,"Motori a reazione (Turbofan, Scramjet)",0.1,0.1
Ingegneria Aerospaziale e Aeronautica,Avionica e sistemi di controllo digitali,0.1,0.1
Ingegneria Aerospaziale e Aeronautica,Materiali compositi per la riduzione del peso,0.1,0.1
Ingegneria Aerospaziale e Aeronautica,Velivoli a decollo verticale (VTOL),0.1,0.1
Ingegneria Aerospaziale e Aeronautica,Gestione del traffico aereo globale,0.1,0.1
Ingegneria Aerospaziale e Aeronautica,Sicurezza del volo e indagine sugli incidenti,0.1,0.1
Ingegneria Aerospaziale e Aeronautica,Elicotteri e fisica del rotore,0.1,0.1
Ingegneria Aerospaziale e Aeronautica,Design delle ali e portanza,0.1,0.1
Ingegneria Aerospaziale e Aeronautica,Idrogeno come carburante per l'aviazione,0.1,0.1
Sociologia del Lavoro e Organizzazione,Smart Working e lavoro ibrido,0.1,0.1
Sociologia del Lavoro e Organizzazione,Leadership servente e gestione dei talenti,0.1,0.1
Sociologia del Lavoro e Organizzazione,"Diversità, Equità e Inclusione (DEI) in azienda",0.1,0.1
Sociologia del Lavoro e Organizzazione,Psicologia delle organizzazioni,0.1,0.1
Sociologia del Lavoro e Organizzazione,Settimana lavorativa di quattro giorni,0.1,0.1
Sociologia del Lavoro e Organizzazione,Upskilling e Reskilling della forza lavoro,0.1,0.1
Sociologia del Lavoro e Organizzazione,Benessere organizzativo e prevenzione del mobbing,0.1,0.1
Sociologia del Lavoro e Organizzazione,Cultura aziendale e senso di appartenenza,0.1,0.1
Sociologia del Lavoro e Organizzazione,"Automazione e ""dislocamento"" del lavoro",0.1,0.1
Sociologia del Lavoro e Organizzazione,Gestione dei team multiculturali e remoti,0.1,0.1
Chimica e Biochimica,Tavola periodica: elementi rari e transuranici,0.1,0.1
Chimica e Biochimica,Chimica organica e sintesi dei farmaci,0.1,0.1
Chimica e Biochimica,Polimeri e chimica delle plastiche,0.1,0.1
Chimica e Biochimica,Enzimi e catalisi biologica,0.1,0.1
Chimica e Biochimica,Elettrochimica: batterie e celle a combustibile,0.1,0.1
Chimica e Biochimica,Chimica analitica e spettroscopia,0.1,0.1
Chimica e Biochimica,Radioattività e chimica nucleare,0.1,0.1
Chimica e Biochimica,Chimica verde (Green Chemistry),0.1,0.1
Chimica e Biochimica,Legami chimici e orbitali molecolari,0.1,0.1
Chimica e Biochimica,Biochimica delle proteine e folding,0.1,0.1
Teatro e Arti Performative,Storia del teatro greco e romano,0.1,0.1
Teatro e Arti Performative,Commedia dell'arte e maschere,0.1,0.1
Teatro e Arti Performative,Metodo Stanislavskij e Acting moderno,0.1,0.1
Teatro e Arti Performative,Scenografia e illuminotecnica teatrale,0.1,0.1
Teatro e Arti Performative,Drammaturgia contemporanea,0.1,0.1
Teatro e Arti Performative,Opera lirica e teatro musicale,0.1,0.1
Teatro e Arti Performative,Teatro dell'assurdo e avanguardie,0.1,0.1
Teatro e Arti Performative,Performance Art e Body Art,0.1,0.1
Teatro e Arti Performative,Improvvisazione teatrale,0.1,0.1
Teatro e Arti Performative,Regia teatrale: visione e interpretazione,0.1,0.1
Ecologia del Paesaggio e Selvicoltura,Gestione delle foreste e rimboschimento,0.1,0.1
Ecologia del Paesaggio e Selvicoltura,Ecologia fluviale e gestione dei bacini,0.1,0.1
Ecologia del Paesaggio e Selvicoltura,Corridoi ecologici per la fauna,0.1,0.1
Ecologia del Paesaggio e Selvicoltura,Servizi ecosistemici della natura,0.1,0.1
Ecologia del Paesaggio e Selvicoltura,Prevenzione degli incendi boschivi,0.1,0.1
Ecologia del Paesaggio e Selvicoltura,Ripristino degli habitat degradati,0.1,0.1
Ecologia del Paesaggio e Selvicoltura,Agroforestazione,0.1,0.1
Ecologia del Paesaggio e Selvicoltura,Dinamiche delle popolazioni vegetali,0.1,0.1
Ecologia del Paesaggio e Selvicoltura,Impatto delle specie esotiche nei boschi,0.1,0.1
Ecologia del Paesaggio e Selvicoltura,Conservazione dei suoli forestali,0.1,0.1
Democrazia e Sistemi Politici,Sistemi elettorali (Proporzionale vs Maggioritario),0.1,0.1
Democrazia e Sistemi Politici,Teoria della separazione dei poteri,0.1,0.1
Democrazia e Sistemi Politici,Populismo e movimenti di massa,0.1,0.1
Democrazia e Sistemi Politici,"Federalismo, Centralismo e Autonomie",0.1,0.1
Democrazia e Sistemi Politici,Geopolitica dei diritti umani,0.1,0.1
Democrazia e Sistemi Politici,Lobbying e gruppi di pressione,0.1,0.1
Democrazia e Sistemi Politici,Trasparenza e lotta alla corruzione politica,0.1,0.1
Democrazia e Sistemi Politici,Sistemi di governo comparati (Presidenzialismo vs Parlamentarismo),0.1,0.1
Democrazia e Sistemi Politici,Partecipazione digitale e E-democracy,0.1,0.1
Democrazia e Sistemi Politici,Storia del pensiero democratico,0.1,0.1
Neuroscienze Sperimentali,Mappatura del connettoma umano,0.1,0.1
Neuroscienze Sperimentali,Basi biologiche della coscienza,0.1,0.1
Neuroscienze Sperimentali,Processi di memorizzazione e oblio,0.1,0.1
Neuroscienze Sperimentali,Neurobiologia delle dipendenze,0.1,0.1
Neuroscienze Sperimentali,Percezione sensoriale e sinestesia,0.1,0.1
Neuroscienze Sperimentali,Sviluppo cerebrale nell'infanzia e adolescenza,0.1,0.1
Neuroscienze Sperimentali,"Malattie neurodegenerative (Alzheimer, Parkinson)",0.1,0.1
Neuroscienze Sperimentali,Il ruolo della dopamina e della serotonina,0.1,0.1
Neuroscienze Sperimentali,Sonno REM e attività onirica,0.1,0.1
Neuroscienze Sperimentali,Plasticità cerebrale post-traumatica,0.1,0.1
Trasporti e Mobilità Futura,Treni a levitazione magnetica (Maglev),0.1,0.1
Trasporti e Mobilità Futura,Guida autonoma di livello 5,0.1,0.1
Trasporti e Mobilità Futura,Mobilità come servizio (MaaS),0.1,0.1
Trasporti e Mobilità Futura,Infrastrutture per la ricarica a induzione,0.1,0.1
Trasporti e Mobilità Futura,Biciclette a pedalata assistita e ciclabilità urbana,0.1,0.1
Trasporti e Mobilità Futura,Sistemi di trasporto rapido di massa (BRT),0.1,0.1
Trasporti e Mobilità Futura,Logistica dei droni in aree urbane,0.1,0.1
Trasporti e Mobilità Futura,Sicurezza stradale e Vision Zero,0.1,0.1
Trasporti e Mobilità Futura,Decarbonizzazione del trasporto marittimo,0.1,0.1
Trasporti e Mobilità Futura,Sharing economy applicata ai trasporti,0.1,0.1
Fumetto e Graphic Novel,"Storia dei Comics americani (Golden, Silver, Modern Age)",0.1,0.1
Fumetto e Graphic Novel,Evoluzione del Manga giapponese,0.1,0.1
Fumetto e Graphic Novel,La scuola franco-belga (Ligne Claire),0.1,0.1
Fumetto e Graphic Novel,Graphic Journalism (Il fumetto come inchiesta),0.1,0.1
Fumetto e Graphic Novel,Storyboarding e grammatica delle vignette,0.1,0.1
Fumetto e Graphic Novel,Webtoon e fumetto digitale,0.1,0.1
Fumetto e Graphic Novel,Il fumetto d'autore in Italia,0.1,0.1
Fumetto e Graphic Novel,Supereroi: archetipi e decostruzione del mito,0.1,0.1
Fumetto e Graphic Novel,Tecniche di inchiostrazione e colorazione,0.1,0.1
Fumetto e Graphic Novel,Editing e pubblicazione editoriale,0.1,0.1
Gestione delle Emergenze e Protezione Civile,Previsione e prevenzione dei rischi naturali,0.1,0.1
Gestione delle Emergenze e Protezione Civile,Logistica umanitaria nei disastri,0.1,0.1
Gestione delle Emergenze e Protezione Civile,Gestione delle folle in eventi pubblici,0.1,0.1
Gestione delle Emergenze e Protezione Civile,Piani di evacuazione e psicologia dell'emergenza,0.1,0.1
Gestione delle Emergenze e Protezione Civile,Primo soccorso e medicina delle catastrofi,0.1,0.1
Gestione delle Emergenze e Protezione Civile,Comunicazione di crisi e allertamento rapido,0.1,0.1
Gestione delle Emergenze e Protezione Civile,Tecnologie satellitari per il monitoraggio dei danni,0.1,0.1
Gestione delle Emergenze e Protezione Civile,Resilienza delle infrastrutture critiche,0.1,0.1
Gestione delle Emergenze e Protezione Civile,Ruolo del volontariato organizzato,0.1,0.1
Gestione delle Emergenze e Protezione Civile,Risposta alle pandemie e biosicurezza,0.1,0.1
Estetica e Teoria dell'Arte,Il concetto di Sublime nell'arte,0.1,0.1
Estetica e Teoria dell'Arte,Iconoclastia e distruzione delle immagini,0.1,0.1
Estetica e Teoria dell'Arte,La funzione sociale dell'arte contemporanea,0.1,0.1
Estetica e Teoria dell'Arte,Semiotica dell'immagine,0.1,0.1
Estetica e Teoria dell'Arte,Museologia e curatela di mostre,0.1,0.1
Estetica e Teoria dell'Arte,Mercato dell'arte e case d'asta,0.1,0.1
Estetica e Teoria dell'Arte,Restauro e conservazione delle opere,0.1,0.1
Estetica e Teoria dell'Arte,Arte generativa e algoritmica,0.1,0.1
Estetica e Teoria dell'Arte,La sezione aurea e le proporzioni nell'arte,0.1,0.1
Estetica e Teoria dell'Arte,Street Art: tra vandalismo e valorizzazione urbana,0.1,0.1
Idrologia e Risorse Idriche,Ciclo dell'acqua e bilancio idrico,0.1,0.1
Idrologia e Risorse Idriche,Dissalazione dell'acqua di mare,0.1,0.1
Idrologia e Risorse Idriche,Gestione delle acque sotterranee (falde),0.1,0.1
Idrologia e Risorse Idriche,Depurazione e trattamento delle acque reflue,0.1,0.1
Idrologia e Risorse Idriche,Ingegneria delle reti idriche urbane,0.1,0.1
Idrologia e Risorse Idriche,"Diritti sull'acqua e ""guerre dell'oro blu""",0.1,0.1
Idrologia e Risorse Idriche,Inquinamento chimico dei fiumi,0.1,0.1
Idrologia e Risorse Idriche,Tecniche di irrigazione a goccia e risparmio agricolo,0.1,0.1
Idrologia e Risorse Idriche,Gestione delle piene e bacini di laminazione,0.1,0.1
Idrologia e Risorse Idriche,Qualità dell'acqua potabile e standard sanitari,0.1,0.1
Filosofia della Scienza (Epistemologia),Il metodo scientifico: induzione vs deduzione,0.1,0.1
Filosofia della Scienza (Epistemologia),Falsificazionismo di Karl Popper,0.1,0.1
Filosofia della Scienza (Epistemologia),Paradigmi e rivoluzioni scientifiche (Thomas Kuhn),0.1,0.1
Filosofia della Scienza (Epistemologia),Rapporto tra osservatore e osservato,0.1,0.1
Filosofia della Scienza (Epistemologia),Realismo vs Antirealismo scientifico,0.1,0.1
Filosofia della Scienza (Epistemologia),Etica della ricerca scientifica,0.1,0.1
Filosofia della Scienza (Epistemologia),Storia della scienza: da Galileo alla fisica quantistica,0.1,0.1
Filosofia della Scienza (Epistemologia),Il ruolo dei modelli e delle simulazioni,0.1,0.1
Filosofia della Scienza (Epistemologia),Scienza e pseudoscienza: il problema della demarcazione,0.1,0.1
Filosofia della Scienza (Epistemologia),Riduzionismo vs Olismo,0.1,0.1
Artigianato e Saper Fare,Lavorazione del legno e ebanisteria,0.1,0.1
Artigianato e Saper Fare,Arte vetraria (Murano e oltre),0.1,0.1
Artigianato e Saper Fare,Ceramica e modellazione dell'argilla,0.1,0.1
Artigianato e Saper Fare,Sartoria su misura e modellistica,0.1,0.1
Artigianato e Saper Fare,Lavorazione dei metalli e gioielleria,0.1,0.1
Artigianato e Saper Fare,Legatoria artigianale e restauro del libro,0.1,0.1
Artigianato e Saper Fare,Tessitura a telaio e tinture naturali,0.1,0.1
Artigianato e Saper Fare,Pelletteria e tecniche di concia,0.1,0.1
Artigianato e Saper Fare,Liuteria: la costruzione di strumenti ad arco,0.1,0.1
Artigianato e Saper Fare,Il valore dell'artigianato nell'era digitale,0.1,0.1
Etica Applicata,Bioetica clinica e decisioni di fine vita,0.1,0.1
Etica Applicata,Etica degli algoritmi e dei social media,0.1,0.1
Etica Applicata,Etica ambientale e diritti degli animali,0.1,0.1
Etica Applicata,Etica del business e responsabilità sociale,0.1,0.1
Etica Applicata,Diritti delle generazioni future,0.1,0.1
Etica Applicata,Etica della guerra e droni autonomi,0.1,0.1
Etica Applicata,Morale sessuale e nuove libertà,0.1,0.1
Etica Applicata,Etica della comunicazione e post-verità,0.1,0.1
Etica Applicata,Giustizia distributiva e povertà globale,0.1,0.1
Etica Applicata,Integrità accademica e scientifica,0.1,0.1
Esplorazione Urbana e Outdoor,Alpinismo e storia delle grandi scalate,0.1,0.1
Esplorazione Urbana e Outdoor,Trekking a lunga distanza (Thru-hiking),0.1,0.1
Esplorazione Urbana e Outdoor,Bushcraft: tecniche di sopravvivenza primitiva,0.1,0.1
Esplorazione Urbana e Outdoor,Speleologia: esplorazione delle grotte,0.1,0.1
Esplorazione Urbana e Outdoor,Orientamento e navigazione con mappa e bussola,0.1,0.1
Esplorazione Urbana e Outdoor,Urban Exploration (Urbex) e siti abbandonati,0.1,0.1
Esplorazione Urbana e Outdoor,Fotografia di paesaggio in condizioni estreme,0.1,0.1
Esplorazione Urbana e Outdoor,Parkour e movimento nell'ambiente urbano,0.1,0.1
Esplorazione Urbana e Outdoor,Camping e vita nomade (Vanlife),0.1,0.1
Esplorazione Urbana e Outdoor,Gestione dei parchi nazionali e delle riserve naturali,0.1,0.1
Scienze Forensi e Investigazione,Analisi del DNA e banche dati genetiche,0.1,0.1
Scienze Forensi e Investigazione,Tossicologia forense: rilevamento di veleni e droghe,0.1,0.1
Scienze Forensi e Investigazione,Balistica e analisi delle traiettorie,0.1,0.1
Scienze Forensi e Investigazione,Dattiloscopia (studio delle impronte digitali),0.1,0.1
Scienze Forensi e Investigazione,Entomologia forense: gli insetti per datare il decesso,0.1,0.1
Scienze Forensi e Investigazione,Informatica forense: recupero dati da dispositivi sequestrati,0.1,0.1
Scienze Forensi e Investigazione,Antropologia forense: identificazione da resti ossei,0.1,0.1
Scienze Forensi e Investigazione,Analisi delle macchie di sangue (BPA),0.1,0.1
Scienze Forensi e Investigazione,Grafologia giudiziaria e falso documentale,0.1,0.1
Scienze Forensi e Investigazione,Tecniche di interrogatorio e rilevamento del mendacio,0.1,0.1
Retail e Customer Experience,Visual Merchandising: l'organizzazione degli spazi espositivi,0.1,0.1
Retail e Customer Experience,Psicologia del punto vendita e percorsi d'acquisto,0.1,0.1
Retail e Customer Experience,Personalizzazione dell'esperienza tramite Big Data,0.1,0.1
Retail e Customer Experience,Loyalty Programs e strategie di fidelizzazione,0.1,0.1
Retail e Customer Experience,Integrazione Omnichannel (fisico e digitale),0.1,0.1
Retail e Customer Experience,Realtà Aumentata per la prova prodotti (Virtual Try-on),0.1,0.1
Retail e Customer Experience,Gestione dei flussi di clienti e code,0.1,0.1
Retail e Customer Experience,Customer Service predittivo tramite AI,0.1,0.1
Retail e Customer Experience,Il futuro dei centri commerciali (Mall trasformati in centri civici),0.1,0.1
Retail e Customer Experience,Mystery Shopping e controllo qualità,0.1,0.1
Editoria e Media,Il passaggio dal cartaceo al Digital-only,0.1,0.1
Editoria e Media,Modelli di business: abbonamenti vs pubblicità,0.1,0.1
Editoria e Media,Podcast e l'ascesa dell'audio-intrattenimento,0.1,0.1
Editoria e Media,Newsletter e l'economia dell'attenzione curata,0.1,0.1
Editoria e Media,Fact-checking e lotta alle fake news,0.1,0.1
Editoria e Media,Giornalismo investigativo e protezione delle fonti,0.1,0.1
Editoria e Media,Libertà di stampa e censura globale,0.1,0.1
Editoria e Media,"Editing editoriale: la figura del ""ghostwriter""",0.1,0.1
Editoria e Media,Diritti d'autore e licenze Creative Commons,0.1,0.1
Editoria e Media,L'impatto dei contenuti generati dagli utenti (UGC),0.1,0.1
Microeconomia e Mercati Locali,Teoria della domanda e dell'offerta,0.1,0.1
Microeconomia e Mercati Locali,Economia dei distretti industriali italiani,0.1,0.1
Microeconomia e Mercati Locali,"Mercati rionali e circuiti a ""Km zero""",0.1,0.1
Microeconomia e Mercati Locali,Cooperativismo e imprese sociali,0.1,0.1
Microeconomia e Mercati Locali,Il potere d'acquisto e il costo della vita,0.1,0.1
Microeconomia e Mercati Locali,Microcredito per lo sviluppo di piccole imprese,0.1,0.1
Microeconomia e Mercati Locali,Dinamiche dei prezzi nel settore immobiliare locale,0.1,0.1
Microeconomia e Mercati Locali,Commercio equo e solidale,0.1,0.1
Microeconomia e Mercati Locali,L'impatto del turismo sulle economie cittadine,0.1,0.1
Microeconomia e Mercati Locali,Analisi dei costi e dei benefici nelle decisioni pubbliche,0.1,0.1
Biofisica e Biomeccanica,Struttura e dinamica delle membrane cellulari,0.1,0.1
Biofisica e Biomeccanica,Motori molecolari e trasporto intracellulare,0.1,0.1
Biofisica e Biomeccanica,Biomeccanica della colonna vertebrale e postura,0.1,0.1
Biofisica e Biomeccanica,Propagazione dell'impulso nervoso (modello Hodgkin-Huxley),0.1,0.1
Biofisica e Biomeccanica,Interazione tra radiazioni e tessuti biologici,0.1,0.1
Biofisica e Biomeccanica,Analisi del passo e cinematica del movimento,0.1,0.1
Biofisica e Biomeccanica,Meccanica dei fluidi nel sistema circolatorio,0.1,0.1
Biofisica e Biomeccanica,Biofotonia: emissione di luce da parte degli organismi,0.1,0.1
Biofisica e Biomeccanica,Modellazione matematica dei sistemi biologici,0.1,0.1
Biofisica e Biomeccanica,Termodinamica dei processi vitali,0.1,0.1
Cinema d'Animazione,Animazione tradizionale a mano (2D),0.1,0.1
Cinema d'Animazione,"CGI e modellazione 3D (Pixar, Dreamworks)",0.1,0.1
Cinema d'Animazione,Stop-motion: l'arte del passo uno,0.1,0.1
Cinema d'Animazione,Anime giapponesi e il loro impatto globale,0.1,0.1
Cinema d'Animazione,Storia dei Walt Disney Studios,0.1,0.1
Cinema d'Animazione,Tecniche di Motion Capture,0.1,0.1
Cinema d'Animazione,Storyboarding e animatic per la pre-visualizzazione,0.1,0.1
Cinema d'Animazione,Animazione sperimentale e d'avanguardia,0.1,0.1
Cinema d'Animazione,Doppiaggio e caratterizzazione vocale,0.1,0.1
Cinema d'Animazione,"L'animazione per adulti (Adult Swim, serie d'autore)",0.1,0.1
Gestione delle Risorse Umane (HR),Tecniche di recruiting e interviste comportamentali,0.1,0.1
Gestione delle Risorse Umane (HR),Onboarding: l'inserimento dei nuovi dipendenti,0.1,0.1
Gestione delle Risorse Umane (HR),Valutazione delle performance e feedback a 360°,0.1,0.1
Gestione delle Risorse Umane (HR),Piani di incentivazione e Benefit aziendali,0.1,0.1
Gestione delle Risorse Umane (HR),Employer Branding: attrarre i migliori talenti,0.1,0.1
Gestione delle Risorse Umane (HR),Gestione dei conflitti e negoziazione interna,0.1,0.1
Gestione delle Risorse Umane (HR),Formazione continua e Learning & Development,0.1,0.1
Gestione delle Risorse Umane (HR),Salute e sicurezza sul luogo di lavoro,0.1,0.1
Gestione delle Risorse Umane (HR),Diversity & Inclusion management,0.1,0.1
Gestione delle Risorse Umane (HR),"Gestione della ""Great Resignation"" e della retention",0.1,0.1
Vulcanologia e Rischi Geologici,"Tipi di vulcani: a scudo, stratovulcani, caldere",0.1,0.1
Vulcanologia e Rischi Geologici,Monitoraggio sismico e geochimico dei crateri,0.1,0.1
Vulcanologia e Rischi Geologici,Lahar e colate piroclastiche: i pericoli maggiori,0.1,0.1
Vulcanologia e Rischi Geologici,Previsione delle eruzioni: segnali precursori,0.1,0.1
Vulcanologia e Rischi Geologici,Geotermia: energia dal calore vulcanico,0.1,0.1
Vulcanologia e Rischi Geologici,Il rischio Vesuvio e i Campi Flegrei,0.1,0.1
Vulcanologia e Rischi Geologici,Vulcanismo sottomarino e isole emergenti,0.1,0.1
Vulcanologia e Rischi Geologici,Impatto delle ceneri vulcaniche sul traffico aereo,0.1,0.1
Vulcanologia e Rischi Geologici,"Storia delle grandi eruzioni (Pompei, Krakatoa, Tambora)",0.1,0.1
Vulcanologia e Rischi Geologici,"Vulcani extra-terrestri (Io, Marte)",0.1,0.1
Fashion Tech e Materiali Innovativi,Vestiti intelligenti con sensori biometrici integrati,0.1,0.1
Fashion Tech e Materiali Innovativi,Tessuti prodotti da funghi o batteri (Bio-fashion),0.1,0.1
Fashion Tech e Materiali Innovativi,Stampa 3D di capi d'abbigliamento e calzature,0.1,0.1
Fashion Tech e Materiali Innovativi,Nanotecnologie per tessuti idrorepellenti o ignifughi,0.1,0.1
Fashion Tech e Materiali Innovativi,Riciclo chimico delle fibre tessili,0.1,0.1
Fashion Tech e Materiali Innovativi,Digital Fashion e abiti per il metaverso,0.1,0.1
Fashion Tech e Materiali Innovativi,E-textiles e circuiti flessibili,0.1,0.1
Fashion Tech e Materiali Innovativi,Tracciabilità della filiera tramite NFC o QR code,0.1,0.1
Fashion Tech e Materiali Innovativi,Sneakers auto-allaccianti e tecnologie di ammortizzazione,0.1,0.1
Fashion Tech e Materiali Innovativi,Sostenibilità delle tinture naturali vs sintetiche,0.1,0.1
Epigrafia e Paleografia,Studio delle iscrizioni su pietra e metallo,0.1,0.1
Epigrafia e Paleografia,"Evoluzione delle scritture latine (Capitale, Onciale, Gotica)",0.1,0.1
Epigrafia e Paleografia,Decifrazione di sistemi di scrittura ignoti,0.1,0.1
Epigrafia e Paleografia,"Supporti scrittori antichi: papiro, pergamena, cera",0.1,0.1
Epigrafia e Paleografia,Storia dell'alfabeto fenicio e sue derivazioni,0.1,0.1
Epigrafia e Paleografia,Strumenti di scrittura: dallo stilo alla penna d'oca,0.1,0.1
Epigrafia e Paleografia,Conservazione e restauro di manoscritti antichi,0.1,0.1
Epigrafia e Paleografia,Digitalizzazione di archivi storici e manoscritti,0.1,0.1
Epigrafia e Paleografia,Sigillografia: lo studio dei sigilli,0.1,0.1
Epigrafia e Paleografia,Rapporto tra scrittura e potere nelle corti medievali,0.1,0.1
Ingegneria dell'Informazione e del Software,Architetture a microservizi,0.1,0.1
Ingegneria dell'Informazione e del Software,"Cloud Computing: IaaS, PaaS e SaaS",0.1,0.1
Ingegneria dell'Informazione e del Software,Metodologie Agile e Scrum,0.1,0.1
Ingegneria dell'Informazione e del Software,DevOps e integrazione continua (CI/CD),0.1,0.1
Ingegneria dell'Informazione e del Software,User Interface (UI) e User Experience (UX) Design,0.1,0.1
Ingegneria dell'Informazione e del Software,Sviluppo di App native vs Cross-platform,0.1,0.1
Ingegneria dell'Informazione e del Software,Basi di dati SQL vs NoSQL,0.1,0.1
Ingegneria dell'Informazione e del Software,API (Application Programming Interfaces) e integrazioni,0.1,0.1
Ingegneria dell'Informazione e del Software,Test automatici e controllo qualità del codice,0.1,0.1
Ingegneria dell'Informazione e del Software,"Containerizzazione (Docker, Kubernetes)",0.1,0.1
Etologia degli Insetti (Entomologia),Organizzazione sociale nelle colonie di formiche,0.1,0.1
Etologia degli Insetti (Entomologia),Danza delle api e comunicazione della distanza,0.1,0.1
Etologia degli Insetti (Entomologia),Metamorfosi: biologia e controllo ormonale,0.1,0.1
Etologia degli Insetti (Entomologia),Strategie di difesa: mimetismo e aposematismo,0.1,0.1
Etologia degli Insetti (Entomologia),Gli insetti come bioindicatori della qualità ambientale,0.1,0.1
Etologia degli Insetti (Entomologia),Impollinazione e co-evoluzione con le angiosperme,0.1,0.1
Etologia degli Insetti (Entomologia),Insetti parassitoidi e controllo biologico in agricoltura,0.1,0.1
Etologia degli Insetti (Entomologia),Bioacustica: come cantano cicale e grilli,0.1,0.1
Etologia degli Insetti (Entomologia),Architettura degli alveari e dei formicai,0.1,0.1
Etologia degli Insetti (Entomologia),Migrazioni degli insetti (es. la farfalla Monarca),0.1,0.1
Teoria delle Reti e Sistemi Complessi,Piccoli mondi: la teoria dei sei gradi di separazione,0.1,0.1
Teoria delle Reti e Sistemi Complessi,Robustezza delle reti agli attacchi e ai guasti,0.1,0.1
Teoria delle Reti e Sistemi Complessi,Diffusione di epidemie e informazioni nelle reti,0.1,0.1
Teoria delle Reti e Sistemi Complessi,Reti neurali biologiche vs artificiali,0.1,0.1
Teoria delle Reti e Sistemi Complessi,Economia delle reti e mercati interconnessi,0.1,0.1
Teoria delle Reti e Sistemi Complessi,Topologia di Internet e del Web,0.1,0.1
Teoria delle Reti e Sistemi Complessi,Sincronizzazione nei sistemi biologici,0.1,0.1
Teoria delle Reti e Sistemi Complessi,Centralità e influenza nei social network,0.1,0.1
Teoria delle Reti e Sistemi Complessi,Teoria dei grafi applicata alla logistica,0.1,0.1
Teoria delle Reti e Sistemi Complessi,Comportamenti emergenti negli stormi e nelle folle,0.1,0.1
Idrogeologia e Gestione del Suolo,Formazione e protezione delle falde acquifere,0.1,0.1
Idrogeologia e Gestione del Suolo,Subsidenza e abbassamento del livello del suolo,0.1,0.1
Idrogeologia e Gestione del Suolo,Dissesto idrogeologico: frane e smottamenti,0.1,0.1
Idrogeologia e Gestione del Suolo,Chimica delle acque sotterranee,0.1,0.1
Idrogeologia e Gestione del Suolo,Permeabilità dei suoli e urbanizzazione,0.1,0.1
Idrogeologia e Gestione del Suolo,Bonifica di siti contaminati e discariche,0.1,0.1
Idrogeologia e Gestione del Suolo,Erosione del suolo e desertificazione,0.1,0.1
Idrogeologia e Gestione del Suolo,Pozzi artesiani e sfruttamento idrico,0.1,0.1
Idrogeologia e Gestione del Suolo,Modellazione del deflusso superficiale,0.1,0.1
Idrogeologia e Gestione del Suolo,Tecniche di consolidamento dei versanti,0.1,0.1
Psicologia dell'Età Evolutiva,Sviluppo cognitivo nel neonato (Piaget),0.1,0.1
Psicologia dell'Età Evolutiva,Teoria dell'attaccamento (Bowlby),0.1,0.1
Psicologia dell'Età Evolutiva,Acquisizione del linguaggio e tappe evolutive,0.1,0.1
Psicologia dell'Età Evolutiva,L'importanza del gioco nello sviluppo psichico,0.1,0.1
Psicologia dell'Età Evolutiva,Adolescenza: crisi d'identità e distacco dai genitori,0.1,0.1
Psicologia dell'Età Evolutiva,Disturbi dell'apprendimento (DSA),0.1,0.1
Psicologia dell'Età Evolutiva,Bullismo e cyberbullismo: prevenzione a scuola,0.1,0.1
Psicologia dell'Età Evolutiva,Impatto degli schermi sullo sviluppo cerebrale precoce,0.1,0.1
Psicologia dell'Età Evolutiva,Sviluppo morale e senso di giustizia nel bambino,0.1,0.1
Psicologia dell'Età Evolutiva,Dinamiche tra fratelli e ordine di nascita,0.1,0.1
Mitologia Comparata e Folklore,"Archetipi universali (il Diluvio Universale, l'Albero della Vita)",0.1,0.1
Mitologia Comparata e Folklore,"Mitologie delle popolazioni artiche (Inuit, Sami)",0.1,0.1
Mitologia Comparata e Folklore,Leggende metropolitane nell'era digitale (Creepypasta),0.1,0.1
Mitologia Comparata e Folklore,Divinità solari e lunari nelle diverse culture,0.1,0.1
Mitologia Comparata e Folklore,"Mostri e creature leggendarie (Draghi, Chimere, Yokai)",0.1,0.1
Mitologia Comparata e Folklore,Evoluzione delle fiabe popolari (dai Grimm a Disney),0.1,0.1
Mitologia Comparata e Folklore,Culti dei morti e tradizioni funebri mondiali,0.1,0.1
Mitologia Comparata e Folklore,"Spiriti della natura: fate, gnomi e ninfe",0.1,0.1
Mitologia Comparata e Folklore,Il simbolismo degli animali nei miti,0.1,0.1
Mitologia Comparata e Folklore,Feste e rituali legati ai solstizi e agli equinozi,0.1,0.1
Ingegneria Energetica e Storage,"Batterie agli ioni di litio e alternative (Stato solido, Sodio)",0.1,0.1
Ingegneria Energetica e Storage,Stoccaggio dell'idrogeno: sfide tecniche,0.1,0.1
Ingegneria Energetica e Storage,Accumulo idroelettrico (Pompaggio),0.1,0.1
Ingegneria Energetica e Storage,Volani e stoccaggio meccanico dell'energia,0.1,0.1
Ingegneria Energetica e Storage,Microgrid e comunità energetiche,0.1,0.1
Ingegneria Energetica e Storage,Efficienza energetica negli edifici (Classe A+),0.1,0.1
Ingegneria Energetica e Storage,Recupero di calore industriale (Waste Heat Recovery),0.1,0.1
Ingegneria Energetica e Storage,Reti elettriche intelligenti (Smart Grids),0.1,0.1
Ingegneria Energetica e Storage,Supercondensatori per la ricarica ultra-rapida,0.1,0.1
Ingegneria Energetica e Storage,Fotovoltaico a concentrazione e termodinamico,0.1,0.1
Politiche del Welfare e Sanità,Sistemi sanitari a confronto (Pubblico vs Assicurativo),0.1,0.1
Politiche del Welfare e Sanità,Gestione delle malattie croniche e invecchiamento della popolazione,0.1,0.1
Politiche del Welfare e Sanità,Prevenzione vaccinale e sanità pubblica,0.1,0.1
Politiche del Welfare e Sanità,Finanziamento dei sistemi di protezione sociale,0.1,0.1
Politiche del Welfare e Sanità,Riforme pensionistiche e sostenibilità finanziaria,0.1,0.1
Politiche del Welfare e Sanità,Telemedicina e assistenza domiciliare integrata,0.1,0.1
Politiche del Welfare e Sanità,Politiche per la famiglia e natalità,0.1,0.1
Politiche del Welfare e Sanità,Lotta alla povertà e sussidi di disoccupazione,0.1,0.1
Politiche del Welfare e Sanità,Economia sanitaria e analisi dei costi dei farmaci,0.1,0.1
Politiche del Welfare e Sanità,Accesso universale alle cure nei paesi in via di sviluppo,0.1,0.1
Oceanografia Chimica e Fisica,Salinità e densità delle masse d'acqua,0.1,0.1
Oceanografia Chimica e Fisica,Ciclo del carbonio negli oceani e assorbimento di CO2,0.1,0.1
Oceanografia Chimica e Fisica,Nutrienti e produttività primaria (Fitoplancton),0.1,0.1
Oceanografia Chimica e Fisica,Inquinamento da metalli pesanti e petrolio nei mari,0.1,0.1
Oceanografia Chimica e Fisica,"Circolazione termoalina globale (il ""nastro trasportatore"")",0.1,0.1
Oceanografia Chimica e Fisica,Dinamica delle maree e forze astronomiche,0.1,0.1
Oceanografia Chimica e Fisica,Analisi degli isotopi per lo studio dei paleoceani,0.1,0.1
Oceanografia Chimica e Fisica,Barriere termiche e alocline,0.1,0.1
Oceanografia Chimica e Fisica,Sistemi di risalita delle acque profonde (Upwelling),0.1,0.1
Oceanografia Chimica e Fisica,Impatto dello scioglimento dei ghiacci sulla densità marina,0.1,0.1
Lifestyle e Culture Minimaliste,Decluttering: liberare lo spazio fisico e mentale,0.1,0.1
Lifestyle e Culture Minimaliste,Slow Living: rallentare i ritmi quotidiani,0.1,0.1
Lifestyle e Culture Minimaliste,Capsula Wardrobe: ottimizzare il guardaroba,0.1,0.1
Lifestyle e Culture Minimaliste,Nomadismo digitale e minimalismo materiale,0.1,0.1
Lifestyle e Culture Minimaliste,Zero Waste: ridurre i rifiuti domestici al minimo,0.1,0.1
Lifestyle e Culture Minimaliste,Finanza minimalista: risparmio consapevole e anti-consumismo,0.1,0.1
Lifestyle e Culture Minimaliste,L'arte dell'essenziale nel design e modernizzazione,0.1,0.1
Lifestyle e Culture Minimaliste,Meditazione camminata e riconnessione con l'ambiente,0.1,0.1
Lifestyle e Culture Minimaliste,"Disintossicazione dalle notifiche e dal ""sempre connessi""",0.1,0.1
Lifestyle e Culture Minimaliste,Valore delle esperienze rispetto al possesso di oggetti,0.1,0.1
Nanotecnologie,Nanomedicina: veicolazione mirata dei farmaci,0.1,0.1
Nanotecnologie,Nanotubi di carbonio e loro applicazioni,0.1,0.1
Nanotecnologie,Auto-assemblaggio molecolare,0.1,0.1
Nanotecnologie,Nanorobot per la riparazione cellulare,0.1,0.1
Nanotecnologie,Tossicologia dei nanomateriali,0.1,0.1
Nanotecnologie,Sensori nanometrici per la sicurezza ambientale,0.1,0.1
Nanotecnologie,Nanofiltrazione per la potabilizzazione dell'acqua,0.1,0.1
Nanotecnologie,Quantum Dots e schermi di nuova generazione,0.1,0.1
Nanotecnologie,Nanolitografia per microchip sempre più piccoli,0.1,0.1
Nanotecnologie,Superfici superidrofobiche ispirate alla natura,0.1,0.1
Robotica Morbida (Soft Robotics),Attuatori in polimeri elettroattivi,0.1,0.1
Robotica Morbida (Soft Robotics),Robot ispirati ai polpi e ai vermi,0.1,0.1
Robotica Morbida (Soft Robotics),Pinze robotiche per oggetti fragili,0.1,0.1
Robotica Morbida (Soft Robotics),Muscoli artificiali pneumatici,0.1,0.1
Robotica Morbida (Soft Robotics),Robot biodegradabili per uso ambientale,0.1,0.1
Robotica Morbida (Soft Robotics),"Sensori flessibili e ""pelle"" robotica",0.1,0.1
Robotica Morbida (Soft Robotics),Robotica medica endoscopica flessibile,0.1,0.1
Robotica Morbida (Soft Robotics),Modellazione dei solidi deformabili,0.1,0.1
Robotica Morbida (Soft Robotics),Soft robotics per l'esplorazione spaziale,0.1,0.1
Robotica Morbida (Soft Robotics),Interazione uomo-robot sicura (Collaborative Soft Robots),0.1,0.1
Criminologia Digitale e Forensics,Analisi dei mercati nel Dark Web,0.1,0.1
Criminologia Digitale e Forensics,Tracciamento di transazioni in criptovalute sospette,0.1,0.1
Criminologia Digitale e Forensics,Digital Footprinting e investigazioni OSINT,0.1,0.1
Criminologia Digitale e Forensics,Analisi forense dei sistemi cloud,0.1,0.1
Criminologia Digitale e Forensics,Recupero di dati da dispositivi danneggiati,0.1,0.1
Criminologia Digitale e Forensics,Psicologia del cyber-criminale,0.1,0.1
Criminologia Digitale e Forensics,Prevenzione del furto d'identità online,0.1,0.1
Criminologia Digitale e Forensics,Legislazione internazionale sul cybercrime,0.1,0.1
Criminologia Digitale e Forensics,Steganografia: nascondere messaggi nelle immagini,0.1,0.1
Criminologia Digitale e Forensics,Analisi dei log e rilevamento delle intrusioni,0.1,0.1
Scienze del Sonno (Cronobiologia),Architettura del sonno: fasi NREM e REM,0.1,0.1
Scienze del Sonno (Cronobiologia),"Ritmi circadiani e geni ""clock""",0.1,0.1
Scienze del Sonno (Cronobiologia),L'impatto della luce blu sulla melatonina,0.1,0.1
Scienze del Sonno (Cronobiologia),"Disturbi del sonno: apnea, insonnia e narcolessia",0.1,0.1
Scienze del Sonno (Cronobiologia),Il ruolo del sonno nel consolidamento della memoria,0.1,0.1
Scienze del Sonno (Cronobiologia),Sogni lucidi e controllo onirico,0.1,0.1
Scienze del Sonno (Cronobiologia),Jet lag sociale e turnismo lavorativo,0.1,0.1
Scienze del Sonno (Cronobiologia),Sistema glinfatico e pulizia del cervello notturna,0.1,0.1
Scienze del Sonno (Cronobiologia),"Cronotipi: allodole, gufi e leoni",0.1,0.1
Scienze del Sonno (Cronobiologia),Sonnambulismo e parasonnie,0.1,0.1
Ingegneria dei Materiali Tessili,"Fibre sintetiche ad alte prestazioni (Kevlar, Nomex)",0.1,0.1
Ingegneria dei Materiali Tessili,Tessuti intelligenti con memoria di forma,0.1,0.1
Ingegneria dei Materiali Tessili,Riciclo meccanico della lana e del cotone,0.1,0.1
Ingegneria dei Materiali Tessili,Colorazione a secco per il risparmio idrico,0.1,0.1
Ingegneria dei Materiali Tessili,Tessuti traspiranti e membrane Gore-Tex,0.1,0.1
Ingegneria dei Materiali Tessili,Seta di ragno sintetica e biopolimeri,0.1,0.1
Ingegneria dei Materiali Tessili,Filtri tessili per l'industria chimica,0.1,0.1
Ingegneria dei Materiali Tessili,Tessili tecnici per l'edilizia (Geotessili),0.1,0.1
Ingegneria dei Materiali Tessili,Abbigliamento protettivo per ambienti estremi,0.1,0.1
Ingegneria dei Materiali Tessili,L'uso dell'argento e del rame come antibatterici nei tessuti,0.1,0.1
Economia del Comportamento (Nudge Theory),Architettura delle scelte: guidare senza costringere,0.1,0.1
Economia del Comportamento (Nudge Theory),Bias di conferma nelle decisioni finanziarie,0.1,0.1
Economia del Comportamento (Nudge Theory),L'effetto ancoraggio nei prezzi,0.1,0.1
Economia del Comportamento (Nudge Theory),Avversione alla perdita (Loss Aversion),0.1,0.1
Economia del Comportamento (Nudge Theory),Sconto iperbolico: gratificazione immediata vs futura,0.1,0.1
Economia del Comportamento (Nudge Theory),Norme sociali come incentivi economici,0.1,0.1
Economia del Comportamento (Nudge Theory),Gamification applicata al risparmio energetico,0.1,0.1
Economia del Comportamento (Nudge Theory),Psicologia delle tasse e della compliance,0.1,0.1
Economia del Comportamento (Nudge Theory),Teoria dei prospetti di Kahneman e Tversky,0.1,0.1
Economia del Comportamento (Nudge Theory),"L'impatto del ""Default"" nelle opzioni di iscrizione",0.1,0.1
Paleontologia e Vita Preistorica,Estinzioni di massa: cause e conseguenze,0.1,0.1
Paleontologia e Vita Preistorica,Evoluzione dei rettili volanti (Pterosauri),0.1,0.1
Paleontologia e Vita Preistorica,La transizione dall'acqua alla terraferma,0.1,0.1
Paleontologia e Vita Preistorica,Dinosauri piumati: il legame con gli uccelli,0.1,0.1
Paleontologia e Vita Preistorica,Paleobotanica: le prime foreste del Devoniano,0.1,0.1
Paleontologia e Vita Preistorica,Megauna del Pleistocene: mammut e tigri a denti a sciabola,0.1,0.1
Paleontologia e Vita Preistorica,Fossili a conservazione eccezionale (Lagerstätten),0.1,0.1
Paleontologia e Vita Preistorica,Paleoecologia: ricostruire gli ecosistemi del passato,0.1,0.1
Paleontologia e Vita Preistorica,L'esplosione cambriana e l'origine dei piani corporei,0.1,0.1
Paleontologia e Vita Preistorica,Analisi del DNA antico da resti fossili,0.1,0.1
Linguistica Computazionale,Algoritmi di traduzione automatica neurale,0.1,0.1
Linguistica Computazionale,Riconoscimento vocale e sintesi del parlato (TTS),0.1,0.1
Linguistica Computazionale,Analisi del sentiment sui social media,0.1,0.1
Linguistica Computazionale,Modelli linguistici di grandi dimensioni (LLM),0.1,0.1
Linguistica Computazionale,Estrazione di entità nominate (NER),0.1,0.1
Linguistica Computazionale,Word Embeddings e rappresentazione vettoriale,0.1,0.1
Linguistica Computazionale,Parsing sintattico automatico,0.1,0.1
Linguistica Computazionale,Rilevamento automatico del sarcasmo e dell'ironia,0.1,0.1
Linguistica Computazionale,Interfacce conversazionali e Chatbot,0.1,0.1
Linguistica Computazionale,Risoluzione delle ambiguità semantiche,0.1,0.1
Sociologia dei Media e della Comunicazione,Teoria dell'agenda setting: chi decide di cosa parliamo,0.1,0.1
Sociologia dei Media e della Comunicazione,Spirale del silenzio e opinione pubblica,0.1,0.1
Sociologia dei Media e della Comunicazione,Il medium è il messaggio (Marshall McLuhan),0.1,0.1
Sociologia dei Media e della Comunicazione,Parasocialità: il legame con influencer e celebrità,0.1,0.1
Sociologia dei Media e della Comunicazione,Digital Divide: disuguaglianze nell'accesso alla rete,0.1,0.1
Sociologia dei Media e della Comunicazione,Cultura partecipativa e Prosumer,0.1,0.1
Sociologia dei Media e della Comunicazione,L'impatto della TV realtà sulla percezione sociale,0.1,0.1
Sociologia dei Media e della Comunicazione,Sorveglianza liquida e società del controllo,0.1,0.1
Sociologia dei Media e della Comunicazione,Algoritmi di raccomandazione e bolle informative,0.1,0.1
Sociologia dei Media e della Comunicazione,Evoluzione della propaganda politica nei media,0.1,0.1
Idroponica e Agricoltura Verticale,Sistemi NFT (Nutrient Film Technique),0.1,0.1
Idroponica e Agricoltura Verticale,Aeroponica: coltivare nella nebbia,0.1,0.1
Idroponica e Agricoltura Verticale,Acquaponica: simbiosi tra pesci e piante,0.1,0.1
Idroponica e Agricoltura Verticale,Gestione del pH e della conducibilità elettrica (EC),0.1,0.1
Idroponica e Agricoltura Verticale,Illuminazione LED a spettro modulabile,0.1,0.1
Idroponica e Agricoltura Verticale,Controllo climatico in serre chiuse (Indoor farming),0.1,0.1
Idroponica e Agricoltura Verticale,Riduzione dell'uso di pesticidi in ambienti controllati,0.1,0.1
Idroponica e Agricoltura Verticale,Agricoltura urbana nei container,0.1,0.1
Idroponica e Agricoltura Verticale,Automazione della raccolta in verticale,0.1,0.1
Idroponica e Agricoltura Verticale,Substrati alternativi: fibra di cocco e lana di roccia,0.1,0.1
Fisica del Plasma e Fusione Nucleare,Confinamento magnetico (Tokamak e Stellarator),0.1,0.1
Fisica del Plasma e Fusione Nucleare,Confinamento inerziale tramite laser,0.1,0.1
Fisica del Plasma e Fusione Nucleare,Il progetto ITER e la cooperazione internazionale,0.1,0.1
Fisica del Plasma e Fusione Nucleare,Plasmi astrofisici: corone stellari e nebulose,0.1,0.1
Fisica del Plasma e Fusione Nucleare,"Applicazioni industriali del plasma (taglio, deposizione)",0.1,0.1
Fisica del Plasma e Fusione Nucleare,Propulsione spaziale a plasma,0.1,0.1
Fisica del Plasma e Fusione Nucleare,Instabilità del plasma e loro controllo,0.1,0.1
Fisica del Plasma e Fusione Nucleare,Fusione nucleare a freddo: realtà o mito?,0.1,0.1
Fisica del Plasma e Fusione Nucleare,Diagnostica del plasma ad alta temperatura,0.1,0.1
Fisica del Plasma e Fusione Nucleare,Il futuro dell'energia pulita e inesauribile,0.1,0.1
Psicologia Forense e Giuridica,Attendibilità della testimonianza oculare,0.1,0.1
Psicologia Forense e Giuridica,False confessioni e tecniche di interrogatorio,0.1,0.1
Psicologia Forense e Giuridica,Capacità di intendere e di volere,0.1,0.1
Psicologia Forense e Giuridica,Psicologia del dibattimento processuale,0.1,0.1
Psicologia Forense e Giuridica,Valutazione della pericolosità sociale,0.1,0.1
Psicologia Forense e Giuridica,Sindrome da alienazione parentale,0.1,0.1
Psicologia Forense e Giuridica,Mediazione familiare e penale,0.1,0.1
Psicologia Forense e Giuridica,Profilazione dell'autore di reati ignoto,0.1,0.1
Psicologia Forense e Giuridica,Vittimologia: impatto del reato sulla vittima,0.1,0.1
Psicologia Forense e Giuridica,Neuroscienze forensi: il cervello nel banco degli imputati,0.1,0.1
Architettura Vernacolare e Tradizionale,"Trulli, Sassi e architetture ipogee",0.1,0.1
Architettura Vernacolare e Tradizionale,Costruzioni in terra cruda e paglia,0.1,0.1
Architettura Vernacolare e Tradizionale,Architettura nomade: Yurte e Tepee,0.1,0.1
Architettura Vernacolare e Tradizionale,Sistemi di ventilazione naturale antichi (Torri del vento),0.1,0.1
Architettura Vernacolare e Tradizionale,L'uso della pietra a secco nel paesaggio agricolo,0.1,0.1
Architettura Vernacolare e Tradizionale,Adattamenti climatici nell'architettura alpina,0.1,0.1
Architettura Vernacolare e Tradizionale,Case a graticcio dell'Europa settentrionale,0.1,0.1
Architettura Vernacolare e Tradizionale,Palafitte e insediamenti lacustri,0.1,0.1
Architettura Vernacolare e Tradizionale,Conservazione e recupero dei borghi abbandonati,0.1,0.1
Architettura Vernacolare e Tradizionale,Materiali locali vs materiali industriali,0.1,0.1
Scienza della Birra e Distillazione,Chimica della maltazione dell'orzo,0.1,0.1
Scienza della Birra e Distillazione,Biologia dei lieviti (Saccharomyces cerevisiae e pastorianus),0.1,0.1
Scienza della Birra e Distillazione,Luppolo: acidi alfa e oli essenziali,0.1,0.1
Scienza della Birra e Distillazione,Processi di ammostamento e decotto,0.1,0.1
Scienza della Birra e Distillazione,Fermentazioni spontanee e batteri lattici,0.1,0.1
Scienza della Birra e Distillazione,Tecniche di distillazione: alambicco a colonna vs discontinuo,0.1,0.1
Scienza della Birra e Distillazione,Invecchiamento in botte e interazione col legno,0.1,0.1
Scienza della Birra e Distillazione,Analisi sensoriale e difetti tipici (off-flavors),0.1,0.1
Scienza della Birra e Distillazione,Storia delle rotte del gin e del rum,0.1,0.1
Scienza della Birra e Distillazione,"Mixology scientifica: ghiaccio, diluizione e densità",0.1,0.1
Bioinformatica e Biologia Computazionale,Sequenziamento del genoma umano e Big Data,0.1,0.1
Bioinformatica e Biologia Computazionale,Allineamento di sequenze proteiche,0.1,0.1
Bioinformatica e Biologia Computazionale,Modellazione 3D delle proteine (AlphaFold),0.1,0.1
Bioinformatica e Biologia Computazionale,Filogenetica molecolare e alberi evolutivi,0.1,0.1
Bioinformatica e Biologia Computazionale,"Database biologici (GenBank, UniProt)",0.1,0.1
Bioinformatica e Biologia Computazionale,Simulazione di dinamica molecolare,0.1,0.1
Bioinformatica e Biologia Computazionale,Analisi dell'espressione genica (RNA-Seq),0.1,0.1
Bioinformatica e Biologia Computazionale,Biologia dei sistemi: mappare le reti metaboliche,0.1,0.1
Bioinformatica e Biologia Computazionale,Algoritmi per la scoperta di nuovi farmaci (Drug discovery),0.1,0.1
Bioinformatica e Biologia Computazionale,Metagenomica: studiare il DNA ambientale,0.1,0.1
Etica delle Nuove Tecnologie,Diritti civili nel Metaverso,0.1,0.1
Etica delle Nuove Tecnologie,Responsabilità legale dei veicoli autonomi,0.1,0.1
Etica delle Nuove Tecnologie,Privacy nell'era del riconoscimento facciale massivo,0.1,0.1
Etica delle Nuove Tecnologie,Implicazioni morali del potenziamento umano (Enhancement),0.1,0.1
Etica delle Nuove Tecnologie,Bias di genere e razza negli algoritmi di selezione,0.1,0.1
Etica delle Nuove Tecnologie,Proprietà intellettuale delle opere generate da AI,0.1,0.1
Etica delle Nuove Tecnologie,Etica della sorveglianza sul posto di lavoro,0.1,0.1
Etica delle Nuove Tecnologie,Sostenibilità ambientale dei data center,0.1,0.1
Etica delle Nuove Tecnologie,Diritto all'oblio e memoria digitale permanente,0.1,0.1
Etica delle Nuove Tecnologie,Democrazia e manipolazione tramite micro-targeting,0.1,0.1
Viticoltura ed Enologia Avanzata,Influenza del suolo (pedologia) sul profilo del vino,0.1,0.1
Viticoltura ed Enologia Avanzata,Gestione della chioma e microclima del grappolo,0.1,0.1
Viticoltura ed Enologia Avanzata,"Malattie della vite: peronospora, oidio e fillossera",0.1,0.1
Viticoltura ed Enologia Avanzata,Viticoltura eroica su terrazzamenti,0.1,0.1
Viticoltura ed Enologia Avanzata,Vinificazione in anfora e vasi vinari alternativi,0.1,0.1
Viticoltura ed Enologia Avanzata,Chimica dei polifenoli e dei tannini,0.1,0.1
Viticoltura ed Enologia Avanzata,Gestione dell'ossigeno e micro-ossigenazione,0.1,0.1
Viticoltura ed Enologia Avanzata,"Vini biologici, biodinamici e naturali",0.1,0.1
Viticoltura ed Enologia Avanzata,Mercato globale del vino e denominazioni d'origine,0.1,0.1
Viticoltura ed Enologia Avanzata,Cambiamento climatico e spostamento delle zone viticole,0.1,0.1
Scienze dell'Atmosfera e Aeronomia,Chimica dell'ozono e buco nell'ozono,0.1,0.1
Scienze dell'Atmosfera e Aeronomia,Aerosol atmosferici e nucleazione delle nubi,0.1,0.1
Scienze dell'Atmosfera e Aeronomia,"Fenomeni ottici: arcobaleni, pareli e glorie",0.1,0.1
Scienze dell'Atmosfera e Aeronomia,Elettricità atmosferica e genesi dei fulmini,0.1,0.1
Scienze dell'Atmosfera e Aeronomia,Ionosfera e comunicazioni radio a lunga distanza,0.1,0.1
Scienze dell'Atmosfera e Aeronomia,Inquinamento transfrontaliero delle masse d'aria,0.1,0.1
Scienze dell'Atmosfera e Aeronomia,Interazione tra oceano e atmosfera,0.1,0.1
Scienze dell'Atmosfera e Aeronomia,Meteorologia dello spazio (Space Weather) e aurore,0.1,0.1
Scienze dell'Atmosfera e Aeronomia,Effetto serra e forzanti radiativi,0.1,0.1
Scienze dell'Atmosfera e Aeronomia,Strumentazione per il sondaggio verticale (Radiosonde),0.1,0.1
Psicologia del Colore e Arti Visive,Teoria del colore di Goethe vs Newton,0.1,0.1
Psicologia del Colore e Arti Visive,Percezione cromatica e fisiologia dell'occhio,0.1,0.1
Psicologia del Colore e Arti Visive,Colori simbolici nelle diverse culture,0.1,0.1
Psicologia del Colore e Arti Visive,L'uso del colore nel marketing e nel branding,0.1,0.1
Psicologia del Colore e Arti Visive,Cromoterapia: tra scienza e credenza,0.1,0.1
Psicologia del Colore e Arti Visive,Il colore nell'architettura ospedaliera e scolastica,0.1,0.1
Psicologia del Colore e Arti Visive,Pigmenti storici: dal blu oltremare ai sintetici,0.1,0.1
Psicologia del Colore e Arti Visive,Contrasti cromatici e armonia visiva,0.1,0.1
Psicologia del Colore e Arti Visive,Colore e sinestesia: sentire i colori,0.1,0.1
Psicologia del Colore e Arti Visive,Evoluzione della teoria del colore nel cinema,0.1,0.1
Futurologia e Scenari Domani,Metodologie di previsione (Metodo Delphi),0.1,0.1
Futurologia e Scenari Domani,Scenari di post-scarsità energetica,0.1,0.1
Futurologia e Scenari Domani,Transumanesimo e caricamento della mente (Mind uploading),0.1,0.1
Futurologia e Scenari Domani,Il futuro della democrazia nell'era degli algoritmi,0.1,0.1
Futurologia e Scenari Domani,Colonizzazione di pianeti extrasolari: sogni e limiti,0.1,0.1
Futurologia e Scenari Domani,Fine della privacy o trasparenza radicale?,0.1,0.1
Futurologia e Scenari Domani,Evoluzione della specie umana (Homo Optimus),0.1,0.1
Futurologia e Scenari Domani,L'impatto del primo contatto con civiltà aliene,0.1,0.1
Futurologia e Scenari Domani,Gestione delle risorse su una Terra da 10 miliardi di persone,0.1,0.1
Futurologia e Scenari Domani,"La ricerca della ""Teoria del Tutto"" in fisica",0.1,0.1
